Data Source,World Development Indicators,,,,,,,,,,,,,,,,,,,,,,,,,,,,,,,,,,,,,,,,,,,,,,,,,,,,,,,,,,,,,,,
,,,,,,,,,,,,,,,,,,,,,,,,,,,,,,,,,,,,,,,,,,,,,,,,,,,,,,,,,,,,,,,,
Last Updated Date,3/19/21,,,,,,,,,,,,,,,,,,,,,,,,,,,,,,,,,,,,,,,,,,,,,,,,,,,,,,,,,,,,,,,
,,,,,,,,,,,,,,,,,,,,,,,,,,,,,,,,,,,,,,,,,,,,,,,,,,,,,,,,,,,,,,,,
Country Name,Country Code,Indicator Name,Indicator Code,1960,1961,1962,1963,1964,1965,1966,1967,1968,1969,1970,1971,1972,1973,1974,1975,1976,1977,1978,1979,1980,1981,1982,1983,1984,1985,1986,1987,1988,1989,1990,1991,1992,1993,1994,1995,1996,1997,1998,1999,2000,2001,2002,2003,2004,2005,2006,2007,2008,2009,2010,2011,2012,2013,2014,2015,2016,2017,2018,2019,2020
Aruba,ABW,Terrestrial protected areas (% of total land area),ER.LND.PTLD.ZS,,,,,,,,,,,,,,,,,,,,,,,,,,,,,,,,,,,,,,,,,,,,,,,,,,,,,,,,,0.53,18.91757626,18.91757626,,
Afghanistan,AFG,Terrestrial protected areas (% of total land area),ER.LND.PTLD.ZS,,,,,,,,,,,,,,,,,,,,,,,,,,,,,,,,,,,,,,,,,,,,,,,,,,,,,,,,,0.1,0.104707035,0.104707035,,
Angola,AGO,Terrestrial protected areas (% of total land area),ER.LND.PTLD.ZS,,,,,,,,,,,,,,,,,,,,,,,,,,,,,,,,,,,,,,,,,,,,,,,,,,,,,,,,,6.97,6.971426696,6.971426696,,
Albania,ALB,Terrestrial protected areas (% of total land area),ER.LND.PTLD.ZS,,,,,,,,,,,,,,,,,,,,,,,,,,,,,,,,,,,,,,,,,,,,,,,,,,,,,,,,,17.21,17.73609531,17.73609531,,
Andorra,AND,Terrestrial protected areas (% of total land area),ER.LND.PTLD.ZS,,,,,,,,,,,,,,,,,,,,,,,,,,,,,,,,,,,,,,,,,,,,,,,,,,,,,,,,,21.19,26.72772478,26.72772478,,
Arab World,ARB,Terrestrial protected areas (% of total land area),ER.LND.PTLD.ZS,,,,,,,,,,,,,,,,,,,,,,,,,,,,,,,,,,,,,,,,,,,,,,,,,,,,,,,,,5.377980835,5.787351816,5.787351816,,
United Arab Emirates,ARE,Terrestrial protected areas (% of total land area),ER.LND.PTLD.ZS,,,,,,,,,,,,,,,,,,,,,,,,,,,,,,,,,,,,,,,,,,,,,,,,,,,,,,,,,13.07,17.95492064,17.95492064,,
Argentina,ARG,Terrestrial protected areas (% of total land area),ER.LND.PTLD.ZS,,,,,,,,,,,,,,,,,,,,,,,,,,,,,,,,,,,,,,,,,,,,,,,,,,,,,,,,,8.89,8.808251416,8.808251416,,
Armenia,ARM,Terrestrial protected areas (% of total land area),ER.LND.PTLD.ZS,,,,,,,,,,,,,,,,,,,,,,,,,,,,,,,,,,,,,,,,,,,,,,,,,,,,,,,,,23.11,23.11050281,23.11050281,,
American Samoa,ASM,Terrestrial protected areas (% of total land area),ER.LND.PTLD.ZS,,,,,,,,,,,,,,,,,,,,,,,,,,,,,,,,,,,,,,,,,,,,,,,,,,,,,,,,,4.27,15.84774473,15.84774473,,
Antigua and Barbuda,ATG,Terrestrial protected areas (% of total land area),ER.LND.PTLD.ZS,,,,,,,,,,,,,,,,,,,,,,,,,,,,,,,,,,,,,,,,,,,,,,,,,,,,,,,,,19.33,18.56967369,18.56967369,,
Australia,AUS,Terrestrial protected areas (% of total land area),ER.LND.PTLD.ZS,,,,,,,,,,,,,,,,,,,,,,,,,,,,,,,,,,,,,,,,,,,,,,,,,,,,,,,,,16.98,19.26562231,19.26562231,,
Austria,AUT,Terrestrial protected areas (% of total land area),ER.LND.PTLD.ZS,,,,,,,,,,,,,,,,,,,,,,,,,,,,,,,,,,,,,,,,,,,,,,,,,,,,,,,,,28.44,28.39798166,28.39798166,,
Azerbaijan,AZE,Terrestrial protected areas (% of total land area),ER.LND.PTLD.ZS,,,,,,,,,,,,,,,,,,,,,,,,,,,,,,,,,,,,,,,,,,,,,,,,,,,,,,,,,10.15,10.15512562,10.15512562,,
Burundi,BDI,Terrestrial protected areas (% of total land area),ER.LND.PTLD.ZS,,,,,,,,,,,,,,,,,,,,,,,,,,,,,,,,,,,,,,,,,,,,,,,,,,,,,,,,,7.59,7.591471706,7.591471706,,
Belgium,BEL,Terrestrial protected areas (% of total land area),ER.LND.PTLD.ZS,,,,,,,,,,,,,,,,,,,,,,,,,,,,,,,,,,,,,,,,,,,,,,,,,,,,,,,,,23.21,23.29334293,23.29334293,,
Benin,BEN,Terrestrial protected areas (% of total land area),ER.LND.PTLD.ZS,,,,,,,,,,,,,,,,,,,,,,,,,,,,,,,,,,,,,,,,,,,,,,,,,,,,,,,,,28.87,29.6233712,29.6233712,,
Burkina Faso,BFA,Terrestrial protected areas (% of total land area),ER.LND.PTLD.ZS,,,,,,,,,,,,,,,,,,,,,,,,,,,,,,,,,,,,,,,,,,,,,,,,,,,,,,,,,15.08,14.92288055,14.92288055,,
Bangladesh,BGD,Terrestrial protected areas (% of total land area),ER.LND.PTLD.ZS,,,,,,,,,,,,,,,,,,,,,,,,,,,,,,,,,,,,,,,,,,,,,,,,,,,,,,,,,4.61,4.605962812,4.605962812,,
Bulgaria,BGR,Terrestrial protected areas (% of total land area),ER.LND.PTLD.ZS,,,,,,,,,,,,,,,,,,,,,,,,,,,,,,,,,,,,,,,,,,,,,,,,,,,,,,,,,34.69,34.70358012,34.70358012,,
Bahrain,BHR,Terrestrial protected areas (% of total land area),ER.LND.PTLD.ZS,,,,,,,,,,,,,,,,,,,,,,,,,,,,,,,,,,,,,,,,,,,,,,,,,,,,,,,,,6.7,6.621747813,6.621747813,,
"Bahamas, The",BHS,Terrestrial protected areas (% of total land area),ER.LND.PTLD.ZS,,,,,,,,,,,,,,,,,,,,,,,,,,,,,,,,,,,,,,,,,,,,,,,,,,,,,,,,,31.2,36.63364753,36.63364753,,
Bosnia and Herzegovina,BIH,Terrestrial protected areas (% of total land area),ER.LND.PTLD.ZS,,,,,,,,,,,,,,,,,,,,,,,,,,,,,,,,,,,,,,,,,,,,,,,,,,,,,,,,,1.45,1.395501571,1.395501571,,
Belarus,BLR,Terrestrial protected areas (% of total land area),ER.LND.PTLD.ZS,,,,,,,,,,,,,,,,,,,,,,,,,,,,,,,,,,,,,,,,,,,,,,,,,,,,,,,,,9.51,9.353493353,9.353493353,,
Belize,BLZ,Terrestrial protected areas (% of total land area),ER.LND.PTLD.ZS,,,,,,,,,,,,,,,,,,,,,,,,,,,,,,,,,,,,,,,,,,,,,,,,,,,,,,,,,37.68,37.67936557,37.67936557,,
Bermuda,BMU,Terrestrial protected areas (% of total land area),ER.LND.PTLD.ZS,,,,,,,,,,,,,,,,,,,,,,,,,,,,,,,,,,,,,,,,,,,,,,,,,,,,,,,,,5.52,2.079919023,2.079919023,,
Bolivia,BOL,Terrestrial protected areas (% of total land area),ER.LND.PTLD.ZS,,,,,,,,,,,,,,,,,,,,,,,,,,,,,,,,,,,,,,,,,,,,,,,,,,,,,,,,,30.87,30.8654915,30.8654915,,
Brazil,BRA,Terrestrial protected areas (% of total land area),ER.LND.PTLD.ZS,,,,,,,,,,,,,,,,,,,,,,,,,,,,,,,,,,,,,,,,,,,,,,,,,,,,,,,,,28.94,29.41966767,29.41966767,,
Barbados,BRB,Terrestrial protected areas (% of total land area),ER.LND.PTLD.ZS,,,,,,,,,,,,,,,,,,,,,,,,,,,,,,,,,,,,,,,,,,,,,,,,,,,,,,,,,1.35,1.270108194,1.270108194,,
Brunei Darussalam,BRN,Terrestrial protected areas (% of total land area),ER.LND.PTLD.ZS,,,,,,,,,,,,,,,,,,,,,,,,,,,,,,,,,,,,,,,,,,,,,,,,,,,,,,,,,46.87,46.87211976,46.87211976,,
Bhutan,BTN,Terrestrial protected areas (% of total land area),ER.LND.PTLD.ZS,,,,,,,,,,,,,,,,,,,,,,,,,,,,,,,,,,,,,,,,,,,,,,,,,,,,,,,,,48.01,48.00785105,48.00785105,,
Botswana,BWA,Terrestrial protected areas (% of total land area),ER.LND.PTLD.ZS,,,,,,,,,,,,,,,,,,,,,,,,,,,,,,,,,,,,,,,,,,,,,,,,,,,,,,,,,29.14,29.14323742,29.14323742,,
Central African Republic,CAF,Terrestrial protected areas (% of total land area),ER.LND.PTLD.ZS,,,,,,,,,,,,,,,,,,,,,,,,,,,,,,,,,,,,,,,,,,,,,,,,,,,,,,,,,18.06,18.06482422,18.06482422,,
Canada,CAN,Terrestrial protected areas (% of total land area),ER.LND.PTLD.ZS,,,,,,,,,,,,,,,,,,,,,,,,,,,,,,,,,,,,,,,,,,,,,,,,,,,,,,,,,9.69,9.685573936,9.685573936,,
Central Europe and the Baltics,CEB,Terrestrial protected areas (% of total land area),ER.LND.PTLD.ZS,,,,,,,,,,,,,,,,,,,,,,,,,,,,,,,,,,,,,,,,,,,,,,,,,,,,,,,,,30.07189552,30.16553095,30.16553095,,
Switzerland,CHE,Terrestrial protected areas (% of total land area),ER.LND.PTLD.ZS,,,,,,,,,,,,,,,,,,,,,,,,,,,,,,,,,,,,,,,,,,,,,,,,,,,,,,,,,9.65,9.665184261,9.665184261,,
Channel Islands,CHI,Terrestrial protected areas (% of total land area),ER.LND.PTLD.ZS,,,,,,,,,,,,,,,,,,,,,,,,,,,,,,,,,,,,,,,,,,,,,,,,,,,,,,,,,,,,,
Chile,CHL,Terrestrial protected areas (% of total land area),ER.LND.PTLD.ZS,,,,,,,,,,,,,,,,,,,,,,,,,,,,,,,,,,,,,,,,,,,,,,,,,,,,,,,,,18.4,18.49445424,18.49445424,,
China,CHN,Terrestrial protected areas (% of total land area),ER.LND.PTLD.ZS,,,,,,,,,,,,,,,,,,,,,,,,,,,,,,,,,,,,,,,,,,,,,,,,,,,,,,,,,17.08,15.44904196,15.44904196,,
Cote d'Ivoire,CIV,Terrestrial protected areas (% of total land area),ER.LND.PTLD.ZS,,,,,,,,,,,,,,,,,,,,,,,,,,,,,,,,,,,,,,,,,,,,,,,,,,,,,,,,,22.88,22.88466348,22.88466348,,
Cameroon,CMR,Terrestrial protected areas (% of total land area),ER.LND.PTLD.ZS,,,,,,,,,,,,,,,,,,,,,,,,,,,,,,,,,,,,,,,,,,,,,,,,,,,,,,,,,10.6,10.60054641,10.60054641,,
"Congo, Dem. Rep.",COD,Terrestrial protected areas (% of total land area),ER.LND.PTLD.ZS,,,,,,,,,,,,,,,,,,,,,,,,,,,,,,,,,,,,,,,,,,,,,,,,,,,,,,,,,12.7,13.83326047,13.83326047,,
"Congo, Rep.",COG,Terrestrial protected areas (% of total land area),ER.LND.PTLD.ZS,,,,,,,,,,,,,,,,,,,,,,,,,,,,,,,,,,,,,,,,,,,,,,,,,,,,,,,,,40.59,40.73803678,40.73803678,,
Colombia,COL,Terrestrial protected areas (% of total land area),ER.LND.PTLD.ZS,,,,,,,,,,,,,,,,,,,,,,,,,,,,,,,,,,,,,,,,,,,,,,,,,,,,,,,,,14.16,14.80695582,14.80695582,,
Comoros,COM,Terrestrial protected areas (% of total land area),ER.LND.PTLD.ZS,,,,,,,,,,,,,,,,,,,,,,,,,,,,,,,,,,,,,,,,,,,,,,,,,,,,,,,,,10.17,10.15143427,10.15143427,,
Cabo Verde,CPV,Terrestrial protected areas (% of total land area),ER.LND.PTLD.ZS,,,,,,,,,,,,,,,,,,,,,,,,,,,,,,,,,,,,,,,,,,,,,,,,,,,,,,,,,2.6,2.895240389,2.895240389,,
Costa Rica,CRI,Terrestrial protected areas (% of total land area),ER.LND.PTLD.ZS,,,,,,,,,,,,,,,,,,,,,,,,,,,,,,,,,,,,,,,,,,,,,,,,,,,,,,,,,27.6,27.60269532,27.60269532,,
Caribbean small states,CSS,Terrestrial protected areas (% of total land area),ER.LND.PTLD.ZS,,,,,,,,,,,,,,,,,,,,,,,,,,,,,,,,,,,,,,,,,,,,,,,,,,,,,,,,,13.65085634,13.82233985,13.82233985,,
Cuba,CUB,Terrestrial protected areas (% of total land area),ER.LND.PTLD.ZS,,,,,,,,,,,,,,,,,,,,,,,,,,,,,,,,,,,,,,,,,,,,,,,,,,,,,,,,,16.55,16.55323247,16.55323247,,
Curacao,CUW,Terrestrial protected areas (% of total land area),ER.LND.PTLD.ZS,,,,,,,,,,,,,,,,,,,,,,,,,,,,,,,,,,,,,,,,,,,,,,,,,,,,,,,,,15.52,15.4623807,15.4623807,,
Cayman Islands,CYM,Terrestrial protected areas (% of total land area),ER.LND.PTLD.ZS,,,,,,,,,,,,,,,,,,,,,,,,,,,,,,,,,,,,,,,,,,,,,,,,,,,,,,,,,10.72,10.76276984,10.76276984,,
Cyprus,CYP,Terrestrial protected areas (% of total land area),ER.LND.PTLD.ZS,,,,,,,,,,,,,,,,,,,,,,,,,,,,,,,,,,,,,,,,,,,,,,,,,,,,,,,,,18.65,18.6504409,18.6504409,,
Czech Republic,CZE,Terrestrial protected areas (% of total land area),ER.LND.PTLD.ZS,,,,,,,,,,,,,,,,,,,,,,,,,,,,,,,,,,,,,,,,,,,,,,,,,,,,,,,,,21.69,22.155676,22.155676,,
Germany,DEU,Terrestrial protected areas (% of total land area),ER.LND.PTLD.ZS,,,,,,,,,,,,,,,,,,,,,,,,,,,,,,,,,,,,,,,,,,,,,,,,,,,,,,,,,37.68,37.75192302,37.75192302,,
Djibouti,DJI,Terrestrial protected areas (% of total land area),ER.LND.PTLD.ZS,,,,,,,,,,,,,,,,,,,,,,,,,,,,,,,,,,,,,,,,,,,,,,,,,,,,,,,,,1.57,1.574645925,1.574645925,,
Dominica,DMA,Terrestrial protected areas (% of total land area),ER.LND.PTLD.ZS,,,,,,,,,,,,,,,,,,,,,,,,,,,,,,,,,,,,,,,,,,,,,,,,,,,,,,,,,22.06,21.98682446,21.98682446,,
Denmark,DNK,Terrestrial protected areas (% of total land area),ER.LND.PTLD.ZS,,,,,,,,,,,,,,,,,,,,,,,,,,,,,,,,,,,,,,,,,,,,,,,,,,,,,,,,,17.56,18.10202119,18.10202119,,
Dominican Republic,DOM,Terrestrial protected areas (% of total land area),ER.LND.PTLD.ZS,,,,,,,,,,,,,,,,,,,,,,,,,,,,,,,,,,,,,,,,,,,,,,,,,,,,,,,,,23.02,26.23675188,26.23675188,,
Algeria,DZA,Terrestrial protected areas (% of total land area),ER.LND.PTLD.ZS,,,,,,,,,,,,,,,,,,,,,,,,,,,,,,,,,,,,,,,,,,,,,,,,,,,,,,,,,7.5,7.495060028,7.495060028,,
East Asia & Pacific (excluding high income),EAP,Terrestrial protected areas (% of total land area),ER.LND.PTLD.ZS,,,,,,,,,,,,,,,,,,,,,,,,,,,,,,,,,,,,,,,,,,,,,,,,,,,,,,,,,15.48820651,14.56081947,14.56081947,,
Early-demographic dividend,EAR,Terrestrial protected areas (% of total land area),ER.LND.PTLD.ZS,,,,,,,,,,,,,,,,,,,,,,,,,,,,,,,,,,,,,,,,,,,,,,,,,,,,,,,,,12.77671864,12.66984314,12.66984314,,
East Asia & Pacific,EAS,Terrestrial protected areas (% of total land area),ER.LND.PTLD.ZS,,,,,,,,,,,,,,,,,,,,,,,,,,,,,,,,,,,,,,,,,,,,,,,,,,,,,,,,,16.22054033,16.479742,16.479742,,
Europe & Central Asia (excluding high income),ECA,Terrestrial protected areas (% of total land area),ER.LND.PTLD.ZS,,,,,,,,,,,,,,,,,,,,,,,,,,,,,,,,,,,,,,,,,,,,,,,,,,,,,,,,,8.382730233,8.396132308,8.396132308,,
Europe & Central Asia,ECS,Terrestrial protected areas (% of total land area),ER.LND.PTLD.ZS,,,,,,,,,,,,,,,,,,,,,,,,,,,,,,,,,,,,,,,,,,,,,,,,,,,,,,,,,11.6388364,11.67033855,11.67033705,,
Ecuador,ECU,Terrestrial protected areas (% of total land area),ER.LND.PTLD.ZS,,,,,,,,,,,,,,,,,,,,,,,,,,,,,,,,,,,,,,,,,,,,,,,,,,,,,,,,,20.03,21.68611893,21.68611893,,
"Egypt, Arab Rep.",EGY,Terrestrial protected areas (% of total land area),ER.LND.PTLD.ZS,,,,,,,,,,,,,,,,,,,,,,,,,,,,,,,,,,,,,,,,,,,,,,,,,,,,,,,,,13.14,13.13605538,13.13605538,,
Euro area,EMU,Terrestrial protected areas (% of total land area),ER.LND.PTLD.ZS,,,,,,,,,,,,,,,,,,,,,,,,,,,,,,,,,,,,,,,,,,,,,,,,,,,,,,,,,25.79349016,25.80343952,25.80343952,,
Eritrea,ERI,Terrestrial protected areas (% of total land area),ER.LND.PTLD.ZS,,,,,,,,,,,,,,,,,,,,,,,,,,,,,,,,,,,,,,,,,,,,,,,,,,,,,,,,,4.87,4.872390939,4.872390939,,
Spain,ESP,Terrestrial protected areas (% of total land area),ER.LND.PTLD.ZS,,,,,,,,,,,,,,,,,,,,,,,,,,,,,,,,,,,,,,,,,,,,,,,,,,,,,,,,,28.02,28.06563365,28.06563365,,
Estonia,EST,Terrestrial protected areas (% of total land area),ER.LND.PTLD.ZS,,,,,,,,,,,,,,,,,,,,,,,,,,,,,,,,,,,,,,,,,,,,,,,,,,,,,,,,,20.18,20.21847482,20.21847482,,
Ethiopia,ETH,Terrestrial protected areas (% of total land area),ER.LND.PTLD.ZS,,,,,,,,,,,,,,,,,,,,,,,,,,,,,,,,,,,,,,,,,,,,,,,,,,,,,,,,,18.47,18.47496031,18.47496031,,
European Union,EUU,Terrestrial protected areas (% of total land area),ER.LND.PTLD.ZS,,,,,,,,,,,,,,,,,,,,,,,,,,,,,,,,,,,,,,,,,,,,,,,,,,,,,,,,,25.70245878,25.77908927,25.77908927,,
Fragile and conflict affected situations,FCS,Terrestrial protected areas (% of total land area),ER.LND.PTLD.ZS,,,,,,,,,,,,,,,,,,,,,,,,,,,,,,,,,,,,,,,,,,,,,,,,,,,,,,,,,13.46926008,14.11064527,14.11064527,,
Finland,FIN,Terrestrial protected areas (% of total land area),ER.LND.PTLD.ZS,,,,,,,,,,,,,,,,,,,,,,,,,,,,,,,,,,,,,,,,,,,,,,,,,,,,,,,,,14.94,15.0232916,15.0232916,,
Fiji,FJI,Terrestrial protected areas (% of total land area),ER.LND.PTLD.ZS,,,,,,,,,,,,,,,,,,,,,,,,,,,,,,,,,,,,,,,,,,,,,,,,,,,,,,,,,5.4,5.411196875,5.411196875,,
France,FRA,Terrestrial protected areas (% of total land area),ER.LND.PTLD.ZS,,,,,,,,,,,,,,,,,,,,,,,,,,,,,,,,,,,,,,,,,,,,,,,,,,,,,,,,,26.03,25.791966,25.791966,,
Faroe Islands,FRO,Terrestrial protected areas (% of total land area),ER.LND.PTLD.ZS,,,,,,,,,,,,,,,,,,,,,,,,,,,,,,,,,,,,,,,,,,,,,,,,,,,,,,,,,2.34,2.329093284,2.329093284,,
"Micronesia, Fed. Sts.",FSM,Terrestrial protected areas (% of total land area),ER.LND.PTLD.ZS,,,,,,,,,,,,,,,,,,,,,,,,,,,,,,,,,,,,,,,,,,,,,,,,,,,,,,,,,4.28,0.04916284,0.04916284,,
Gabon,GAB,Terrestrial protected areas (% of total land area),ER.LND.PTLD.ZS,,,,,,,,,,,,,,,,,,,,,,,,,,,,,,,,,,,,,,,,,,,,,,,,,,,,,,,,,20.14,22.44275606,22.44275606,,
United Kingdom,GBR,Terrestrial protected areas (% of total land area),ER.LND.PTLD.ZS,,,,,,,,,,,,,,,,,,,,,,,,,,,,,,,,,,,,,,,,,,,,,,,,,,,,,,,,,28.24,28.68343728,28.68343728,,
Georgia,GEO,Terrestrial protected areas (% of total land area),ER.LND.PTLD.ZS,,,,,,,,,,,,,,,,,,,,,,,,,,,,,,,,,,,,,,,,,,,,,,,,,,,,,,,,,8.33,8.333597154,8.333597154,,
Ghana,GHA,Terrestrial protected areas (% of total land area),ER.LND.PTLD.ZS,,,,,,,,,,,,,,,,,,,,,,,,,,,,,,,,,,,,,,,,,,,,,,,,,,,,,,,,,15.06,15.0573798,15.0573798,,
Gibraltar,GIB,Terrestrial protected areas (% of total land area),ER.LND.PTLD.ZS,,,,,,,,,,,,,,,,,,,,,,,,,,,,,,,,,,,,,,,,,,,,,,,,,,,,,,,,,26.67,32.42342182,32.42342182,,
Guinea,GIN,Terrestrial protected areas (% of total land area),ER.LND.PTLD.ZS,,,,,,,,,,,,,,,,,,,,,,,,,,,,,,,,,,,,,,,,,,,,,,,,,,,,,,,,,30.68,35.64619399,35.64619399,,
"Gambia, The",GMB,Terrestrial protected areas (% of total land area),ER.LND.PTLD.ZS,,,,,,,,,,,,,,,,,,,,,,,,,,,,,,,,,,,,,,,,,,,,,,,,,,,,,,,,,4.11,4.107362074,4.107362074,,
Guinea-Bissau,GNB,Terrestrial protected areas (% of total land area),ER.LND.PTLD.ZS,,,,,,,,,,,,,,,,,,,,,,,,,,,,,,,,,,,,,,,,,,,,,,,,,,,,,,,,,16.66,16.66265356,16.66265356,,
Equatorial Guinea,GNQ,Terrestrial protected areas (% of total land area),ER.LND.PTLD.ZS,,,,,,,,,,,,,,,,,,,,,,,,,,,,,,,,,,,,,,,,,,,,,,,,,,,,,,,,,19.27,19.26675895,19.26675895,,
Greece,GRC,Terrestrial protected areas (% of total land area),ER.LND.PTLD.ZS,,,,,,,,,,,,,,,,,,,,,,,,,,,,,,,,,,,,,,,,,,,,,,,,,,,,,,,,,34.96,35.21634086,35.21634086,,
Grenada,GRD,Terrestrial protected areas (% of total land area),ER.LND.PTLD.ZS,,,,,,,,,,,,,,,,,,,,,,,,,,,,,,,,,,,,,,,,,,,,,,,,,,,,,,,,,9.37,9.777508173,9.777508173,,
Greenland,GRL,Terrestrial protected areas (% of total land area),ER.LND.PTLD.ZS,,,,,,,,,,,,,,,,,,,,,,,,,,,,,,,,,,,,,,,,,,,,,,,,,,,,,,,,,41.12,41.15360235,41.15360235,,
Guatemala,GTM,Terrestrial protected areas (% of total land area),ER.LND.PTLD.ZS,,,,,,,,,,,,,,,,,,,,,,,,,,,,,,,,,,,,,,,,,,,,,,,,,,,,,,,,,31.75,20.04787908,20.04787908,,
Guam,GUM,Terrestrial protected areas (% of total land area),ER.LND.PTLD.ZS,,,,,,,,,,,,,,,,,,,,,,,,,,,,,,,,,,,,,,,,,,,,,,,,,,,,,,,,,21.92,22.46913768,22.46913768,,
Guyana,GUY,Terrestrial protected areas (% of total land area),ER.LND.PTLD.ZS,,,,,,,,,,,,,,,,,,,,,,,,,,,,,,,,,,,,,,,,,,,,,,,,,,,,,,,,,8.74,8.737486809,8.737486809,,
High income,HIC,Terrestrial protected areas (% of total land area),ER.LND.PTLD.ZS,,,,,,,,,,,,,,,,,,,,,,,,,,,,,,,,,,,,,,,,,,,,,,,,,,,,,,,,,14.49172211,15.12942894,15.12944118,,
"Hong Kong SAR, China",HKG,Terrestrial protected areas (% of total land area),ER.LND.PTLD.ZS,,,,,,,,,,,,,,,,,,,,,,,,,,,,,,,,,,,,,,,,,,,,,,,,,,,,,,,,,41.9,41.88368037,41.88368037,,
Honduras,HND,Terrestrial protected areas (% of total land area),ER.LND.PTLD.ZS,,,,,,,,,,,,,,,,,,,,,,,,,,,,,,,,,,,,,,,,,,,,,,,,,,,,,,,,,28.44,23.88555226,23.88555226,,
Heavily indebted poor countries (HIPC),HPC,Terrestrial protected areas (% of total land area),ER.LND.PTLD.ZS,,,,,,,,,,,,,,,,,,,,,,,,,,,,,,,,,,,,,,,,,,,,,,,,,,,,,,,,,17.31878058,18.19111167,18.19111167,,
Croatia,HRV,Terrestrial protected areas (% of total land area),ER.LND.PTLD.ZS,,,,,,,,,,,,,,,,,,,,,,,,,,,,,,,,,,,,,,,,,,,,,,,,,,,,,,,,,38.11,38.25363021,38.25363021,,
Haiti,HTI,Terrestrial protected areas (% of total land area),ER.LND.PTLD.ZS,,,,,,,,,,,,,,,,,,,,,,,,,,,,,,,,,,,,,,,,,,,,,,,,,,,,,,,,,0.27,1.949882981,1.949882981,,
Hungary,HUN,Terrestrial protected areas (% of total land area),ER.LND.PTLD.ZS,,,,,,,,,,,,,,,,,,,,,,,,,,,,,,,,,,,,,,,,,,,,,,,,,,,,,,,,,22.6,22.59755816,22.59755816,,
IBRD only,IBD,Terrestrial protected areas (% of total land area),ER.LND.PTLD.ZS,,,,,,,,,,,,,,,,,,,,,,,,,,,,,,,,,,,,,,,,,,,,,,,,,,,,,,,,,14.65747233,14.47290377,14.47290377,,
IDA & IBRD total,IBT,Terrestrial protected areas (% of total land area),ER.LND.PTLD.ZS,,,,,,,,,,,,,,,,,,,,,,,,,,,,,,,,,,,,,,,,,,,,,,,,,,,,,,,,,14.7305732,14.72456445,14.72456445,,
IDA total,IDA,Terrestrial protected areas (% of total land area),ER.LND.PTLD.ZS,,,,,,,,,,,,,,,,,,,,,,,,,,,,,,,,,,,,,,,,,,,,,,,,,,,,,,,,,14.96242629,15.54551463,15.54551463,,
IDA blend,IDB,Terrestrial protected areas (% of total land area),ER.LND.PTLD.ZS,,,,,,,,,,,,,,,,,,,,,,,,,,,,,,,,,,,,,,,,,,,,,,,,,,,,,,,,,14.05847141,14.07090258,14.07090258,,
Indonesia,IDN,Terrestrial protected areas (% of total land area),ER.LND.PTLD.ZS,,,,,,,,,,,,,,,,,,,,,,,,,,,,,,,,,,,,,,,,,,,,,,,,,,,,,,,,,11.87,12.16569636,12.16569636,,
IDA only,IDX,Terrestrial protected areas (% of total land area),ER.LND.PTLD.ZS,,,,,,,,,,,,,,,,,,,,,,,,,,,,,,,,,,,,,,,,,,,,,,,,,,,,,,,,,15.1797691,15.91269147,15.91269147,,
Isle of Man,IMN,Terrestrial protected areas (% of total land area),ER.LND.PTLD.ZS,,,,,,,,,,,,,,,,,,,,,,,,,,,,,,,,,,,,,,,,,,,,,,,,,,,,,,,,,3.78,3.721769991,3.721769991,,
India,IND,Terrestrial protected areas (% of total land area),ER.LND.PTLD.ZS,,,,,,,,,,,,,,,,,,,,,,,,,,,,,,,,,,,,,,,,,,,,,,,,,,,,,,,,,5.97,5.966519402,5.966519402,,
Not classified,INX,Terrestrial protected areas (% of total land area),ER.LND.PTLD.ZS,,,,,,,,,,,,,,,,,,,,,,,,,,,,,,,,,,,,,,,,,,,,,,,,,,,,,,,,,,,,,
Ireland,IRL,Terrestrial protected areas (% of total land area),ER.LND.PTLD.ZS,,,,,,,,,,,,,,,,,,,,,,,,,,,,,,,,,,,,,,,,,,,,,,,,,,,,,,,,,14.44,14.44126185,14.44126185,,
"Iran, Islamic Rep.",IRN,Terrestrial protected areas (% of total land area),ER.LND.PTLD.ZS,,,,,,,,,,,,,,,,,,,,,,,,,,,,,,,,,,,,,,,,,,,,,,,,,,,,,,,,,8.61,8.614132742,8.614132742,,
Iraq,IRQ,Terrestrial protected areas (% of total land area),ER.LND.PTLD.ZS,,,,,,,,,,,,,,,,,,,,,,,,,,,,,,,,,,,,,,,,,,,,,,,,,,,,,,,,,1.54,1.533412118,1.533412118,,
Iceland,ISL,Terrestrial protected areas (% of total land area),ER.LND.PTLD.ZS,,,,,,,,,,,,,,,,,,,,,,,,,,,,,,,,,,,,,,,,,,,,,,,,,,,,,,,,,17.44,18.15153229,18.15153229,,
Israel,ISR,Terrestrial protected areas (% of total land area),ER.LND.PTLD.ZS,,,,,,,,,,,,,,,,,,,,,,,,,,,,,,,,,,,,,,,,,,,,,,,,,,,,,,,,,19.94,19.94659908,19.94659908,,
Italy,ITA,Terrestrial protected areas (% of total land area),ER.LND.PTLD.ZS,,,,,,,,,,,,,,,,,,,,,,,,,,,,,,,,,,,,,,,,,,,,,,,,,,,,,,,,,21.51,21.53905961,21.53905961,,
Jamaica,JAM,Terrestrial protected areas (% of total land area),ER.LND.PTLD.ZS,,,,,,,,,,,,,,,,,,,,,,,,,,,,,,,,,,,,,,,,,,,,,,,,,,,,,,,,,15.91,15.91651353,15.91651353,,
Jordan,JOR,Terrestrial protected areas (% of total land area),ER.LND.PTLD.ZS,,,,,,,,,,,,,,,,,,,,,,,,,,,,,,,,,,,,,,,,,,,,,,,,,,,,,,,,,1.73,1.770578642,1.770578642,,
Japan,JPN,Terrestrial protected areas (% of total land area),ER.LND.PTLD.ZS,,,,,,,,,,,,,,,,,,,,,,,,,,,,,,,,,,,,,,,,,,,,,,,,,,,,,,,,,19.36,29.38753863,29.38753863,,
Kazakhstan,KAZ,Terrestrial protected areas (% of total land area),ER.LND.PTLD.ZS,,,,,,,,,,,,,,,,,,,,,,,,,,,,,,,,,,,,,,,,,,,,,,,,,,,,,,,,,3.28,3.312085662,3.312085662,,
Kenya,KEN,Terrestrial protected areas (% of total land area),ER.LND.PTLD.ZS,,,,,,,,,,,,,,,,,,,,,,,,,,,,,,,,,,,,,,,,,,,,,,,,,,,,,,,,,12.36,12.36335962,12.36335962,,
Kyrgyz Republic,KGZ,Terrestrial protected areas (% of total land area),ER.LND.PTLD.ZS,,,,,,,,,,,,,,,,,,,,,,,,,,,,,,,,,,,,,,,,,,,,,,,,,,,,,,,,,6.51,6.702692983,6.702692983,,
Cambodia,KHM,Terrestrial protected areas (% of total land area),ER.LND.PTLD.ZS,,,,,,,,,,,,,,,,,,,,,,,,,,,,,,,,,,,,,,,,,,,,,,,,,,,,,,,,,26.03,26.0277161,26.0277161,,
Kiribati,KIR,Terrestrial protected areas (% of total land area),ER.LND.PTLD.ZS,,,,,,,,,,,,,,,,,,,,,,,,,,,,,,,,,,,,,,,,,,,,,,,,,,,,,,,,,22.37,22.36041349,22.36041349,,
St. Kitts and Nevis,KNA,Terrestrial protected areas (% of total land area),ER.LND.PTLD.ZS,,,,,,,,,,,,,,,,,,,,,,,,,,,,,,,,,,,,,,,,,,,,,,,,,,,,,,,,,3.32,3.316634717,3.316634717,,
"Korea, Rep.",KOR,Terrestrial protected areas (% of total land area),ER.LND.PTLD.ZS,,,,,,,,,,,,,,,,,,,,,,,,,,,,,,,,,,,,,,,,,,,,,,,,,,,,,,,,,11.23,11.671125,11.671125,,
Kuwait,KWT,Terrestrial protected areas (% of total land area),ER.LND.PTLD.ZS,,,,,,,,,,,,,,,,,,,,,,,,,,,,,,,,,,,,,,,,,,,,,,,,,,,,,,,,,17.5,17.50067696,17.50067696,,
Latin America & Caribbean (excluding high income),LAC,Terrestrial protected areas (% of total land area),ER.LND.PTLD.ZS,,,,,,,,,,,,,,,,,,,,,,,,,,,,,,,,,,,,,,,,,,,,,,,,,,,,,,,,,23.47862441,23.84588449,23.84588449,,
Lao PDR,LAO,Terrestrial protected areas (% of total land area),ER.LND.PTLD.ZS,,,,,,,,,,,,,,,,,,,,,,,,,,,,,,,,,,,,,,,,,,,,,,,,,,,,,,,,,16.68,16.68220563,16.68220563,,
Lebanon,LBN,Terrestrial protected areas (% of total land area),ER.LND.PTLD.ZS,,,,,,,,,,,,,,,,,,,,,,,,,,,,,,,,,,,,,,,,,,,,,,,,,,,,,,,,,2.59,2.597308624,2.597308624,,
Liberia,LBR,Terrestrial protected areas (% of total land area),ER.LND.PTLD.ZS,,,,,,,,,,,,,,,,,,,,,,,,,,,,,,,,,,,,,,,,,,,,,,,,,,,,,,,,,2.49,4.051310925,4.051310925,,
Libya,LBY,Terrestrial protected areas (% of total land area),ER.LND.PTLD.ZS,,,,,,,,,,,,,,,,,,,,,,,,,,,,,,,,,,,,,,,,,,,,,,,,,,,,,,,,,0.21,0.211847868,0.211847868,,
St. Lucia,LCA,Terrestrial protected areas (% of total land area),ER.LND.PTLD.ZS,,,,,,,,,,,,,,,,,,,,,,,,,,,,,,,,,,,,,,,,,,,,,,,,,,,,,,,,,18.8,18.74520959,18.74520959,,
Latin America & Caribbean,LCN,Terrestrial protected areas (% of total land area),ER.LND.PTLD.ZS,,,,,,,,,,,,,,,,,,,,,,,,,,,,,,,,,,,,,,,,,,,,,,,,,,,,,,,,,23.10797917,23.46328538,23.46352683,,
Least developed countries: UN classification,LDC,Terrestrial protected areas (% of total land area),ER.LND.PTLD.ZS,,,,,,,,,,,,,,,,,,,,,,,,,,,,,,,,,,,,,,,,,,,,,,,,,,,,,,,,,14.50838428,15.25615711,15.25615711,,
Low income,LIC,Terrestrial protected areas (% of total land area),ER.LND.PTLD.ZS,,,,,,,,,,,,,,,,,,,,,,,,,,,,,,,,,,,,,,,,,,,,,,,,,,,,,,,,,12.90628264,13.94315131,13.94315131,,
Liechtenstein,LIE,Terrestrial protected areas (% of total land area),ER.LND.PTLD.ZS,,,,,,,,,,,,,,,,,,,,,,,,,,,,,,,,,,,,,,,,,,,,,,,,,,,,,,,,,42.49,11.93510418,11.93510418,,
Sri Lanka,LKA,Terrestrial protected areas (% of total land area),ER.LND.PTLD.ZS,,,,,,,,,,,,,,,,,,,,,,,,,,,,,,,,,,,,,,,,,,,,,,,,,,,,,,,,,29.86,29.8619989,29.8619989,,
Lower middle income,LMC,Terrestrial protected areas (% of total land area),ER.LND.PTLD.ZS,,,,,,,,,,,,,,,,,,,,,,,,,,,,,,,,,,,,,,,,,,,,,,,,,,,,,,,,,14.33720029,14.31370801,14.31370801,,
Low & middle income,LMY,Terrestrial protected areas (% of total land area),ER.LND.PTLD.ZS,,,,,,,,,,,,,,,,,,,,,,,,,,,,,,,,,,,,,,,,,,,,,,,,,,,,,,,,,14.58225792,14.57364872,14.57364872,,
Lesotho,LSO,Terrestrial protected areas (% of total land area),ER.LND.PTLD.ZS,,,,,,,,,,,,,,,,,,,,,,,,,,,,,,,,,,,,,,,,,,,,,,,,,,,,,,,,,0.26,0.261388681,0.261388681,,
Late-demographic dividend,LTE,Terrestrial protected areas (% of total land area),ER.LND.PTLD.ZS,,,,,,,,,,,,,,,,,,,,,,,,,,,,,,,,,,,,,,,,,,,,,,,,,,,,,,,,,15.65403685,15.45369361,15.45369361,,
Lithuania,LTU,Terrestrial protected areas (% of total land area),ER.LND.PTLD.ZS,,,,,,,,,,,,,,,,,,,,,,,,,,,,,,,,,,,,,,,,,,,,,,,,,,,,,,,,,16.94,17.02310098,17.02310098,,
Luxembourg,LUX,Terrestrial protected areas (% of total land area),ER.LND.PTLD.ZS,,,,,,,,,,,,,,,,,,,,,,,,,,,,,,,,,,,,,,,,,,,,,,,,,,,,,,,,,32.27,40.87274138,40.87274138,,
Latvia,LVA,Terrestrial protected areas (% of total land area),ER.LND.PTLD.ZS,,,,,,,,,,,,,,,,,,,,,,,,,,,,,,,,,,,,,,,,,,,,,,,,,,,,,,,,,18.17,18.17132119,18.17132119,,
"Macao SAR, China",MAC,Terrestrial protected areas (% of total land area),ER.LND.PTLD.ZS,,,,,,,,,,,,,,,,,,,,,,,,,,,,,,,,,,,,,,,,,,,,,,,,,,,,,,,,,,,,,
St. Martin (French part),MAF,Terrestrial protected areas (% of total land area),ER.LND.PTLD.ZS,,,,,,,,,,,,,,,,,,,,,,,,,,,,,,,,,,,,,,,,,,,,,,,,,,,,,,,,,16.78,12.77155153,12.77155153,,
Morocco,MAR,Terrestrial protected areas (% of total land area),ER.LND.PTLD.ZS,,,,,,,,,,,,,,,,,,,,,,,,,,,,,,,,,,,,,,,,,,,,,,,,,,,,,,,,,30.81,30.77760111,30.77760111,,
Monaco,MCO,Terrestrial protected areas (% of total land area),ER.LND.PTLD.ZS,,,,,,,,,,,,,,,,,,,,,,,,,,,,,,,,,,,,,,,,,,,,,,,,,,,,,,,,,62.5,33.15510358,33.15510358,,
Moldova,MDA,Terrestrial protected areas (% of total land area),ER.LND.PTLD.ZS,,,,,,,,,,,,,,,,,,,,,,,,,,,,,,,,,,,,,,,,,,,,,,,,,,,,,,,,,4.15,4.150534549,4.150534549,,
Madagascar,MDG,Terrestrial protected areas (% of total land area),ER.LND.PTLD.ZS,,,,,,,,,,,,,,,,,,,,,,,,,,,,,,,,,,,,,,,,,,,,,,,,,,,,,,,,,5.25,5.589556315,5.589556315,,
Maldives,MDV,Terrestrial protected areas (% of total land area),ER.LND.PTLD.ZS,,,,,,,,,,,,,,,,,,,,,,,,,,,,,,,,,,,,,,,,,,,,,,,,,,,,,,,,,0.98,1.209095677,1.209095677,,
Middle East & North Africa,MEA,Terrestrial protected areas (% of total land area),ER.LND.PTLD.ZS,,,,,,,,,,,,,,,,,,,,,,,,,,,,,,,,,,,,,,,,,,,,,,,,,,,,,,,,,6.58900456,6.71687982,6.71687982,,
Mexico,MEX,Terrestrial protected areas (% of total land area),ER.LND.PTLD.ZS,,,,,,,,,,,,,,,,,,,,,,,,,,,,,,,,,,,,,,,,,,,,,,,,,,,,,,,,,14.27,14.5005326,14.5005326,,
Marshall Islands,MHL,Terrestrial protected areas (% of total land area),ER.LND.PTLD.ZS,,,,,,,,,,,,,,,,,,,,,,,,,,,,,,,,,,,,,,,,,,,,,,,,,,,,,,,,,12.06,11.91570861,11.91570861,,
Middle income,MIC,Terrestrial protected areas (% of total land area),ER.LND.PTLD.ZS,,,,,,,,,,,,,,,,,,,,,,,,,,,,,,,,,,,,,,,,,,,,,,,,,,,,,,,,,14.84633474,14.66806463,14.66806463,,
North Macedonia,MKD,Terrestrial protected areas (% of total land area),ER.LND.PTLD.ZS,,,,,,,,,,,,,,,,,,,,,,,,,,,,,,,,,,,,,,,,,,,,,,,,,,,,,,,,,9.65,9.654065158,9.654065158,,
Mali,MLI,Terrestrial protected areas (% of total land area),ER.LND.PTLD.ZS,,,,,,,,,,,,,,,,,,,,,,,,,,,,,,,,,,,,,,,,,,,,,,,,,,,,,,,,,8.23,8.231610055,8.231610055,,
Malta,MLT,Terrestrial protected areas (% of total land area),ER.LND.PTLD.ZS,,,,,,,,,,,,,,,,,,,,,,,,,,,,,,,,,,,,,,,,,,,,,,,,,,,,,,,,,23.69,30.28637583,30.28637583,,
Myanmar,MMR,Terrestrial protected areas (% of total land area),ER.LND.PTLD.ZS,,,,,,,,,,,,,,,,,,,,,,,,,,,,,,,,,,,,,,,,,,,,,,,,,,,,,,,,,7.17,6.37050102,6.37050102,,
Middle East & North Africa (excluding high income),MNA,Terrestrial protected areas (% of total land area),ER.LND.PTLD.ZS,,,,,,,,,,,,,,,,,,,,,,,,,,,,,,,,,,,,,,,,,,,,,,,,,,,,,,,,,7.17191155,7.170691298,7.170691298,,
Montenegro,MNE,Terrestrial protected areas (% of total land area),ER.LND.PTLD.ZS,,,,,,,,,,,,,,,,,,,,,,,,,,,,,,,,,,,,,,,,,,,,,,,,,,,,,,,,,4.06,6.400711029,6.400711029,,
Mongolia,MNG,Terrestrial protected areas (% of total land area),ER.LND.PTLD.ZS,,,,,,,,,,,,,,,,,,,,,,,,,,,,,,,,,,,,,,,,,,,,,,,,,,,,,,,,,17.4,17.71388257,17.71388257,,
Northern Mariana Islands,MNP,Terrestrial protected areas (% of total land area),ER.LND.PTLD.ZS,,,,,,,,,,,,,,,,,,,,,,,,,,,,,,,,,,,,,,,,,,,,,,,,,,,,,,,,,7.58,7.669449834,7.669449834,,
Mozambique,MOZ,Terrestrial protected areas (% of total land area),ER.LND.PTLD.ZS,,,,,,,,,,,,,,,,,,,,,,,,,,,,,,,,,,,,,,,,,,,,,,,,,,,,,,,,,21.59,21.59322824,21.59322824,,
Mauritania,MRT,Terrestrial protected areas (% of total land area),ER.LND.PTLD.ZS,,,,,,,,,,,,,,,,,,,,,,,,,,,,,,,,,,,,,,,,,,,,,,,,,,,,,,,,,0.62,0.621988214,0.621988214,,
Mauritius,MUS,Terrestrial protected areas (% of total land area),ER.LND.PTLD.ZS,,,,,,,,,,,,,,,,,,,,,,,,,,,,,,,,,,,,,,,,,,,,,,,,,,,,,,,,,4.75,4.725388813,4.725388813,,
Malawi,MWI,Terrestrial protected areas (% of total land area),ER.LND.PTLD.ZS,,,,,,,,,,,,,,,,,,,,,,,,,,,,,,,,,,,,,,,,,,,,,,,,,,,,,,,,,16.89,22.87604771,22.87604771,,
Malaysia,MYS,Terrestrial protected areas (% of total land area),ER.LND.PTLD.ZS,,,,,,,,,,,,,,,,,,,,,,,,,,,,,,,,,,,,,,,,,,,,,,,,,,,,,,,,,19.14,19.11931656,19.11931656,,
North America,NAC,Terrestrial protected areas (% of total land area),ER.LND.PTLD.ZS,,,,,,,,,,,,,,,,,,,,,,,,,,,,,,,,,,,,,,,,,,,,,,,,,,,,,,,,,11.31606959,11.32493655,11.32493655,,
Namibia,NAM,Terrestrial protected areas (% of total land area),ER.LND.PTLD.ZS,,,,,,,,,,,,,,,,,,,,,,,,,,,,,,,,,,,,,,,,,,,,,,,,,,,,,,,,,37.89,37.89093103,37.89093103,,
New Caledonia,NCL,Terrestrial protected areas (% of total land area),ER.LND.PTLD.ZS,,,,,,,,,,,,,,,,,,,,,,,,,,,,,,,,,,,,,,,,,,,,,,,,,,,,,,,,,54.41,54.40415763,54.40415763,,
Niger,NER,Terrestrial protected areas (% of total land area),ER.LND.PTLD.ZS,,,,,,,,,,,,,,,,,,,,,,,,,,,,,,,,,,,,,,,,,,,,,,,,,,,,,,,,,17.32,17.31709252,17.31709252,,
Nigeria,NGA,Terrestrial protected areas (% of total land area),ER.LND.PTLD.ZS,,,,,,,,,,,,,,,,,,,,,,,,,,,,,,,,,,,,,,,,,,,,,,,,,,,,,,,,,13.93,13.92958361,13.92958361,,
Nicaragua,NIC,Terrestrial protected areas (% of total land area),ER.LND.PTLD.ZS,,,,,,,,,,,,,,,,,,,,,,,,,,,,,,,,,,,,,,,,,,,,,,,,,,,,,,,,,37.23,37.22586793,37.22586793,,
Netherlands,NLD,Terrestrial protected areas (% of total land area),ER.LND.PTLD.ZS,,,,,,,,,,,,,,,,,,,,,,,,,,,,,,,,,,,,,,,,,,,,,,,,,,,,,,,,,11.33,11.24373445,11.24373445,,
Norway,NOR,Terrestrial protected areas (% of total land area),ER.LND.PTLD.ZS,,,,,,,,,,,,,,,,,,,,,,,,,,,,,,,,,,,,,,,,,,,,,,,,,,,,,,,,,16.97,17.10649287,17.10649287,,
Nepal,NPL,Terrestrial protected areas (% of total land area),ER.LND.PTLD.ZS,,,,,,,,,,,,,,,,,,,,,,,,,,,,,,,,,,,,,,,,,,,,,,,,,,,,,,,,,23.63,23.62604198,23.62604198,,
Nauru,NRU,Terrestrial protected areas (% of total land area),ER.LND.PTLD.ZS,,,,,,,,,,,,,,,,,,,,,,,,,,,,,,,,,,,,,,,,,,,,,,,,,,,,,,,,,,,,,
New Zealand,NZL,Terrestrial protected areas (% of total land area),ER.LND.PTLD.ZS,,,,,,,,,,,,,,,,,,,,,,,,,,,,,,,,,,,,,,,,,,,,,,,,,,,,,,,,,32.55,32.54525586,32.54525586,,
OECD members,OED,Terrestrial protected areas (% of total land area),ER.LND.PTLD.ZS,,,,,,,,,,,,,,,,,,,,,,,,,,,,,,,,,,,,,,,,,,,,,,,,,,,,,,,,,14.4708459,15.09465968,15.09465968,,
Oman,OMN,Terrestrial protected areas (% of total land area),ER.LND.PTLD.ZS,,,,,,,,,,,,,,,,,,,,,,,,,,,,,,,,,,,,,,,,,,,,,,,,,,,,,,,,,2.57,2.572733181,2.572733181,,
Other small states,OSS,Terrestrial protected areas (% of total land area),ER.LND.PTLD.ZS,,,,,,,,,,,,,,,,,,,,,,,,,,,,,,,,,,,,,,,,,,,,,,,,,,,,,,,,,29.0681652,29.48173312,29.48173312,,
Pakistan,PAK,Terrestrial protected areas (% of total land area),ER.LND.PTLD.ZS,,,,,,,,,,,,,,,,,,,,,,,,,,,,,,,,,,,,,,,,,,,,,,,,,,,,,,,,,12.31,12.31458528,12.31458528,,
Panama,PAN,Terrestrial protected areas (% of total land area),ER.LND.PTLD.ZS,,,,,,,,,,,,,,,,,,,,,,,,,,,,,,,,,,,,,,,,,,,,,,,,,,,,,,,,,20.89,20.89193998,20.89193998,,
Peru,PER,Terrestrial protected areas (% of total land area),ER.LND.PTLD.ZS,,,,,,,,,,,,,,,,,,,,,,,,,,,,,,,,,,,,,,,,,,,,,,,,,,,,,,,,,21.27,21.31417279,21.31417279,,
Philippines,PHL,Terrestrial protected areas (% of total land area),ER.LND.PTLD.ZS,,,,,,,,,,,,,,,,,,,,,,,,,,,,,,,,,,,,,,,,,,,,,,,,,,,,,,,,,15.32,15.31665932,15.31665932,,
Palau,PLW,Terrestrial protected areas (% of total land area),ER.LND.PTLD.ZS,,,,,,,,,,,,,,,,,,,,,,,,,,,,,,,,,,,,,,,,,,,,,,,,,,,,,,,,,27.94,28.00019103,28.00019103,,
Papua New Guinea,PNG,Terrestrial protected areas (% of total land area),ER.LND.PTLD.ZS,,,,,,,,,,,,,,,,,,,,,,,,,,,,,,,,,,,,,,,,,,,,,,,,,,,,,,,,,3.07,3.065929904,3.065929904,,
Poland,POL,Terrestrial protected areas (% of total land area),ER.LND.PTLD.ZS,,,,,,,,,,,,,,,,,,,,,,,,,,,,,,,,,,,,,,,,,,,,,,,,,,,,,,,,,39.62,39.65013953,39.65013953,,
Pre-demographic dividend,PRE,Terrestrial protected areas (% of total land area),ER.LND.PTLD.ZS,,,,,,,,,,,,,,,,,,,,,,,,,,,,,,,,,,,,,,,,,,,,,,,,,,,,,,,,,14.96452283,15.7641492,15.7641492,,
Puerto Rico,PRI,Terrestrial protected areas (% of total land area),ER.LND.PTLD.ZS,,,,,,,,,,,,,,,,,,,,,,,,,,,,,,,,,,,,,,,,,,,,,,,,,,,,,,,,,7.44,7.269164906,7.269164906,,
"Korea, Dem. People’s Rep.",PRK,Terrestrial protected areas (% of total land area),ER.LND.PTLD.ZS,,,,,,,,,,,,,,,,,,,,,,,,,,,,,,,,,,,,,,,,,,,,,,,,,,,,,,,,,2.44,2.435341503,2.435341503,,
Portugal,PRT,Terrestrial protected areas (% of total land area),ER.LND.PTLD.ZS,,,,,,,,,,,,,,,,,,,,,,,,,,,,,,,,,,,,,,,,,,,,,,,,,,,,,,,,,22.96,22.90118008,22.90118008,,
Paraguay,PRY,Terrestrial protected areas (% of total land area),ER.LND.PTLD.ZS,,,,,,,,,,,,,,,,,,,,,,,,,,,,,,,,,,,,,,,,,,,,,,,,,,,,,,,,,6.51,14.31473608,14.31473608,,
West Bank and Gaza,PSE,Terrestrial protected areas (% of total land area),ER.LND.PTLD.ZS,,,,,,,,,,,,,,,,,,,,,,,,,,,,,,,,,,,,,,,,,,,,,,,,,,,,,,,,,,8.359251843,8.359251843,,
Pacific island small states,PSS,Terrestrial protected areas (% of total land area),ER.LND.PTLD.ZS,,,,,,,,,,,,,,,,,,,,,,,,,,,,,,,,,,,,,,,,,,,,,,,,,,,,,,,,,4.316020267,4.298802057,4.298802057,,
Post-demographic dividend,PST,Terrestrial protected areas (% of total land area),ER.LND.PTLD.ZS,,,,,,,,,,,,,,,,,,,,,,,,,,,,,,,,,,,,,,,,,,,,,,,,,,,,,,,,,14.31753441,14.97806468,14.97806468,,
French Polynesia,PYF,Terrestrial protected areas (% of total land area),ER.LND.PTLD.ZS,,,,,,,,,,,,,,,,,,,,,,,,,,,,,,,,,,,,,,,,,,,,,,,,,,,,,,,,,1.96,1.953194598,1.953194598,,
Qatar,QAT,Terrestrial protected areas (% of total land area),ER.LND.PTLD.ZS,,,,,,,,,,,,,,,,,,,,,,,,,,,,,,,,,,,,,,,,,,,,,,,,,,,,,,,,,2.45,13.22923543,13.22923543,,
Romania,ROU,Terrestrial protected areas (% of total land area),ER.LND.PTLD.ZS,,,,,,,,,,,,,,,,,,,,,,,,,,,,,,,,,,,,,,,,,,,,,,,,,,,,,,,,,24.35,24.4618675,24.4618675,,
Russian Federation,RUS,Terrestrial protected areas (% of total land area),ER.LND.PTLD.ZS,,,,,,,,,,,,,,,,,,,,,,,,,,,,,,,,,,,,,,,,,,,,,,,,,,,,,,,,,9.72,9.726914815,9.726914815,,
Rwanda,RWA,Terrestrial protected areas (% of total land area),ER.LND.PTLD.ZS,,,,,,,,,,,,,,,,,,,,,,,,,,,,,,,,,,,,,,,,,,,,,,,,,,,,,,,,,9.12,9.114089073,9.114089073,,
South Asia,SAS,Terrestrial protected areas (% of total land area),ER.LND.PTLD.ZS,,,,,,,,,,,,,,,,,,,,,,,,,,,,,,,,,,,,,,,,,,,,,,,,,,,,,,,,,7.292877667,7.291752241,7.291752241,,
Saudi Arabia,SAU,Terrestrial protected areas (% of total land area),ER.LND.PTLD.ZS,,,,,,,,,,,,,,,,,,,,,,,,,,,,,,,,,,,,,,,,,,,,,,,,,,,,,,,,,4.33,4.760127141,4.760127141,,
Sudan,SDN,Terrestrial protected areas (% of total land area),ER.LND.PTLD.ZS,,,,,,,,,,,,,,,,,,,,,,,,,,,,,,,,,,,,,,,,,,,,,,,,,,,,,,,,,2.28,2.281763184,2.281763184,,
Senegal,SEN,Terrestrial protected areas (% of total land area),ER.LND.PTLD.ZS,,,,,,,,,,,,,,,,,,,,,,,,,,,,,,,,,,,,,,,,,,,,,,,,,,,,,,,,,25.21,25.3527743,25.3527743,,
Singapore,SGP,Terrestrial protected areas (% of total land area),ER.LND.PTLD.ZS,,,,,,,,,,,,,,,,,,,,,,,,,,,,,,,,,,,,,,,,,,,,,,,,,,,,,,,,,5.62,5.554559828,5.554559828,,
Solomon Islands,SLB,Terrestrial protected areas (% of total land area),ER.LND.PTLD.ZS,,,,,,,,,,,,,,,,,,,,,,,,,,,,,,,,,,,,,,,,,,,,,,,,,,,,,,,,,2.21,2.210266123,2.210266123,,
Sierra Leone,SLE,Terrestrial protected areas (% of total land area),ER.LND.PTLD.ZS,,,,,,,,,,,,,,,,,,,,,,,,,,,,,,,,,,,,,,,,,,,,,,,,,,,,,,,,,9.39,9.386319626,9.386319626,,
El Salvador,SLV,Terrestrial protected areas (% of total land area),ER.LND.PTLD.ZS,,,,,,,,,,,,,,,,,,,,,,,,,,,,,,,,,,,,,,,,,,,,,,,,,,,,,,,,,8.78,8.776286672,8.776286672,,
San Marino,SMR,Terrestrial protected areas (% of total land area),ER.LND.PTLD.ZS,,,,,,,,,,,,,,,,,,,,,,,,,,,,,,,,,,,,,,,,,,,,,,,,,,,,,,,,,,,,,
Somalia,SOM,Terrestrial protected areas (% of total land area),ER.LND.PTLD.ZS,,,,,,,,,,,,,,,,,,,,,,,,,,,,,,,,,,,,,,,,,,,,,,,,,,,,,,,,,0.83,,,,
Serbia,SRB,Terrestrial protected areas (% of total land area),ER.LND.PTLD.ZS,,,,,,,,,,,,,,,,,,,,,,,,,,,,,,,,,,,,,,,,,,,,,,,,,,,,,,,,,6.15,6.61310734,6.61310734,,
Sub-Saharan Africa (excluding high income),SSA,Terrestrial protected areas (% of total land area),ER.LND.PTLD.ZS,,,,,,,,,,,,,,,,,,,,,,,,,,,,,,,,,,,,,,,,,,,,,,,,,,,,,,,,,17.30631549,17.71597013,17.71597013,,
South Sudan,SSD,Terrestrial protected areas (% of total land area),ER.LND.PTLD.ZS,,,,,,,,,,,,,,,,,,,,,,,,,,,,,,,,,,,,,,,,,,,,,,,,,,,,,,,,,15.5,15.50150125,15.50150125,,
Sub-Saharan Africa,SSF,Terrestrial protected areas (% of total land area),ER.LND.PTLD.ZS,,,,,,,,,,,,,,,,,,,,,,,,,,,,,,,,,,,,,,,,,,,,,,,,,,,,,,,,,17.3056623,17.71524621,17.71524621,,
Small states,SST,Terrestrial protected areas (% of total land area),ER.LND.PTLD.ZS,,,,,,,,,,,,,,,,,,,,,,,,,,,,,,,,,,,,,,,,,,,,,,,,,,,,,,,,,25.83517932,26.1969162,26.1969162,,
Sao Tome and Principe,STP,Terrestrial protected areas (% of total land area),ER.LND.PTLD.ZS,,,,,,,,,,,,,,,,,,,,,,,,,,,,,,,,,,,,,,,,,,,,,,,,,,,,,,,,,29.21,29.25590983,29.25590983,,
Suriname,SUR,Terrestrial protected areas (% of total land area),ER.LND.PTLD.ZS,,,,,,,,,,,,,,,,,,,,,,,,,,,,,,,,,,,,,,,,,,,,,,,,,,,,,,,,,14.52,14.52013879,14.52013879,,
Slovak Republic,SVK,Terrestrial protected areas (% of total land area),ER.LND.PTLD.ZS,,,,,,,,,,,,,,,,,,,,,,,,,,,,,,,,,,,,,,,,,,,,,,,,,,,,,,,,,37.28,37.63041334,37.63041334,,
Slovenia,SVN,Terrestrial protected areas (% of total land area),ER.LND.PTLD.ZS,,,,,,,,,,,,,,,,,,,,,,,,,,,,,,,,,,,,,,,,,,,,,,,,,,,,,,,,,53.64,53.62296044,53.62296044,,
Sweden,SWE,Terrestrial protected areas (% of total land area),ER.LND.PTLD.ZS,,,,,,,,,,,,,,,,,,,,,,,,,,,,,,,,,,,,,,,,,,,,,,,,,,,,,,,,,14.47,14.88202746,14.88202746,,
Eswatini,SWZ,Terrestrial protected areas (% of total land area),ER.LND.PTLD.ZS,,,,,,,,,,,,,,,,,,,,,,,,,,,,,,,,,,,,,,,,,,,,,,,,,,,,,,,,,4.1,4.233008206,4.233008206,,
Sint Maarten (Dutch part),SXM,Terrestrial protected areas (% of total land area),ER.LND.PTLD.ZS,,,,,,,,,,,,,,,,,,,,,,,,,,,,,,,,,,,,,,,,,,,,,,,,,,,,,,,,,,0.000372594,0.000372594,,
Seychelles,SYC,Terrestrial protected areas (% of total land area),ER.LND.PTLD.ZS,,,,,,,,,,,,,,,,,,,,,,,,,,,,,,,,,,,,,,,,,,,,,,,,,,,,,,,,,42.1,42.09404595,42.09404595,,
Syrian Arab Republic,SYR,Terrestrial protected areas (% of total land area),ER.LND.PTLD.ZS,,,,,,,,,,,,,,,,,,,,,,,,,,,,,,,,,,,,,,,,,,,,,,,,,,,,,,,,,0.69,0.685302813,0.685302813,,
Turks and Caicos Islands,TCA,Terrestrial protected areas (% of total land area),ER.LND.PTLD.ZS,,,,,,,,,,,,,,,,,,,,,,,,,,,,,,,,,,,,,,,,,,,,,,,,,,,,,,,,,44.39,44.3674255,44.3674255,,
Chad,TCD,Terrestrial protected areas (% of total land area),ER.LND.PTLD.ZS,,,,,,,,,,,,,,,,,,,,,,,,,,,,,,,,,,,,,,,,,,,,,,,,,,,,,,,,,20.35,20.3544358,20.3544358,,
East Asia & Pacific (IDA & IBRD countries),TEA,Terrestrial protected areas (% of total land area),ER.LND.PTLD.ZS,,,,,,,,,,,,,,,,,,,,,,,,,,,,,,,,,,,,,,,,,,,,,,,,,,,,,,,,,15.5860734,14.65167371,14.65167371,,
Europe & Central Asia (IDA & IBRD countries),TEC,Terrestrial protected areas (% of total land area),ER.LND.PTLD.ZS,,,,,,,,,,,,,,,,,,,,,,,,,,,,,,,,,,,,,,,,,,,,,,,,,,,,,,,,,9.022591341,9.03750654,9.03750654,,
Togo,TGO,Terrestrial protected areas (% of total land area),ER.LND.PTLD.ZS,,,,,,,,,,,,,,,,,,,,,,,,,,,,,,,,,,,,,,,,,,,,,,,,,,,,,,,,,27.62,27.62124271,27.62124271,,
Thailand,THA,Terrestrial protected areas (% of total land area),ER.LND.PTLD.ZS,,,,,,,,,,,,,,,,,,,,,,,,,,,,,,,,,,,,,,,,,,,,,,,,,,,,,,,,,18.81,18.80917209,18.80917209,,
Tajikistan,TJK,Terrestrial protected areas (% of total land area),ER.LND.PTLD.ZS,,,,,,,,,,,,,,,,,,,,,,,,,,,,,,,,,,,,,,,,,,,,,,,,,,,,,,,,,22.28,22.27866109,22.27866109,,
Turkmenistan,TKM,Terrestrial protected areas (% of total land area),ER.LND.PTLD.ZS,,,,,,,,,,,,,,,,,,,,,,,,,,,,,,,,,,,,,,,,,,,,,,,,,,,,,,,,,3.25,3.248262247,3.248262247,,
Latin America & the Caribbean (IDA & IBRD countries),TLA,Terrestrial protected areas (% of total land area),ER.LND.PTLD.ZS,,,,,,,,,,,,,,,,,,,,,,,,,,,,,,,,,,,,,,,,,,,,,,,,,,,,,,,,,23.14506697,23.49898602,23.49898602,,
Timor-Leste,TLS,Terrestrial protected areas (% of total land area),ER.LND.PTLD.ZS,,,,,,,,,,,,,,,,,,,,,,,,,,,,,,,,,,,,,,,,,,,,,,,,,,,,,,,,,13.05,13.05746648,13.05746648,,
Middle East & North Africa (IDA & IBRD countries),TMN,Terrestrial protected areas (% of total land area),ER.LND.PTLD.ZS,,,,,,,,,,,,,,,,,,,,,,,,,,,,,,,,,,,,,,,,,,,,,,,,,,,,,,,,,7.17191155,7.16987536,7.16987536,,
Tonga,TON,Terrestrial protected areas (% of total land area),ER.LND.PTLD.ZS,,,,,,,,,,,,,,,,,,,,,,,,,,,,,,,,,,,,,,,,,,,,,,,,,,,,,,,,,15.92,15.91279025,15.91279025,,
South Asia (IDA & IBRD),TSA,Terrestrial protected areas (% of total land area),ER.LND.PTLD.ZS,,,,,,,,,,,,,,,,,,,,,,,,,,,,,,,,,,,,,,,,,,,,,,,,,,,,,,,,,7.292877667,7.291752241,7.291752241,,
Sub-Saharan Africa (IDA & IBRD countries),TSS,Terrestrial protected areas (% of total land area),ER.LND.PTLD.ZS,,,,,,,,,,,,,,,,,,,,,,,,,,,,,,,,,,,,,,,,,,,,,,,,,,,,,,,,,17.3056623,17.71524621,17.71524621,,
Trinidad and Tobago,TTO,Terrestrial protected areas (% of total land area),ER.LND.PTLD.ZS,,,,,,,,,,,,,,,,,,,,,,,,,,,,,,,,,,,,,,,,,,,,,,,,,,,,,,,,,30.6,30.59281013,30.59281013,,
Tunisia,TUN,Terrestrial protected areas (% of total land area),ER.LND.PTLD.ZS,,,,,,,,,,,,,,,,,,,,,,,,,,,,,,,,,,,,,,,,,,,,,,,,,,,,,,,,,7.91,7.914677247,7.914677247,,
Turkey,TUR,Terrestrial protected areas (% of total land area),ER.LND.PTLD.ZS,,,,,,,,,,,,,,,,,,,,,,,,,,,,,,,,,,,,,,,,,,,,,,,,,,,,,,,,,0.22,0.218488653,0.218488653,,
Tuvalu,TUV,Terrestrial protected areas (% of total land area),ER.LND.PTLD.ZS,,,,,,,,,,,,,,,,,,,,,,,,,,,,,,,,,,,,,,,,,,,,,,,,,,,,,,,,,2.39,1.951941156,1.951941156,,
Tanzania,TZA,Terrestrial protected areas (% of total land area),ER.LND.PTLD.ZS,,,,,,,,,,,,,,,,,,,,,,,,,,,,,,,,,,,,,,,,,,,,,,,,,,,,,,,,,38.12,38.14557627,38.14557627,,
Uganda,UGA,Terrestrial protected areas (% of total land area),ER.LND.PTLD.ZS,,,,,,,,,,,,,,,,,,,,,,,,,,,,,,,,,,,,,,,,,,,,,,,,,,,,,,,,,16.06,16.06394963,16.06394963,,
Ukraine,UKR,Terrestrial protected areas (% of total land area),ER.LND.PTLD.ZS,,,,,,,,,,,,,,,,,,,,,,,,,,,,,,,,,,,,,,,,,,,,,,,,,,,,,,,,,3.96,3.986753143,3.986753143,,
Upper middle income,UMC,Terrestrial protected areas (% of total land area),ER.LND.PTLD.ZS,,,,,,,,,,,,,,,,,,,,,,,,,,,,,,,,,,,,,,,,,,,,,,,,,,,,,,,,,15.04076783,14.80342579,14.80342579,,
Uruguay,URY,Terrestrial protected areas (% of total land area),ER.LND.PTLD.ZS,,,,,,,,,,,,,,,,,,,,,,,,,,,,,,,,,,,,,,,,,,,,,,,,,,,,,,,,,3.5,3.446201923,3.446201923,,
United States,USA,Terrestrial protected areas (% of total land area),ER.LND.PTLD.ZS,,,,,,,,,,,,,,,,,,,,,,,,,,,,,,,,,,,,,,,,,,,,,,,,,,,,,,,,,12.97,12.99387202,12.99387202,,
Uzbekistan,UZB,Terrestrial protected areas (% of total land area),ER.LND.PTLD.ZS,,,,,,,,,,,,,,,,,,,,,,,,,,,,,,,,,,,,,,,,,,,,,,,,,,,,,,,,,3.38,3.375213715,3.375213715,,
St. Vincent and the Grenadines,VCT,Terrestrial protected areas (% of total land area),ER.LND.PTLD.ZS,,,,,,,,,,,,,,,,,,,,,,,,,,,,,,,,,,,,,,,,,,,,,,,,,,,,,,,,,22.44,22.41962222,22.41962222,,
"Venezuela, RB",VEN,Terrestrial protected areas (% of total land area),ER.LND.PTLD.ZS,,,,,,,,,,,,,,,,,,,,,,,,,,,,,,,,,,,,,,,,,,,,,,,,,,,,,,,,,54.14,54.14417444,54.14417444,,
British Virgin Islands,VGB,Terrestrial protected areas (% of total land area),ER.LND.PTLD.ZS,,,,,,,,,,,,,,,,,,,,,,,,,,,,,,,,,,,,,,,,,,,,,,,,,,,,,,,,,8.54,9.108814682,9.108814682,,
Virgin Islands (U.S.),VIR,Terrestrial protected areas (% of total land area),ER.LND.PTLD.ZS,,,,,,,,,,,,,,,,,,,,,,,,,,,,,,,,,,,,,,,,,,,,,,,,,,,,,,,,,14.64,13.79457419,13.79457419,,
Vietnam,VNM,Terrestrial protected areas (% of total land area),ER.LND.PTLD.ZS,,,,,,,,,,,,,,,,,,,,,,,,,,,,,,,,,,,,,,,,,,,,,,,,,,,,,,,,,7.58,7.576779875,7.576779875,,
Vanuatu,VUT,Terrestrial protected areas (% of total land area),ER.LND.PTLD.ZS,,,,,,,,,,,,,,,,,,,,,,,,,,,,,,,,,,,,,,,,,,,,,,,,,,,,,,,,,4.2,4.200531868,4.200531868,,
World,WLD,Terrestrial protected areas (% of total land area),ER.LND.PTLD.ZS,,,,,,,,,,,,,,,,,,,,,,,,,,,,,,,,,,,,,,,,,,,,,,,,,,,,,,,,,14.5565629,14.73214345,14.73214533,,
Samoa,WSM,Terrestrial protected areas (% of total land area),ER.LND.PTLD.ZS,,,,,,,,,,,,,,,,,,,,,,,,,,,,,,,,,,,,,,,,,,,,,,,,,,,,,,,,,6.77,7.349585002,7.349585002,,
Kosovo,XKX,Terrestrial protected areas (% of total land area),ER.LND.PTLD.ZS,,,,,,,,,,,,,,,,,,,,,,,,,,,,,,,,,,,,,,,,,,,,,,,,,,,,,,,,,,,,,
"Yemen, Rep.",YEM,Terrestrial protected areas (% of total land area),ER.LND.PTLD.ZS,,,,,,,,,,,,,,,,,,,,,,,,,,,,,,,,,,,,,,,,,,,,,,,,,,,,,,,,,0.77,0.77194398,0.77194398,,
South Africa,ZAF,Terrestrial protected areas (% of total land area),ER.LND.PTLD.ZS,,,,,,,,,,,,,,,,,,,,,,,,,,,,,,,,,,,,,,,,,,,,,,,,,,,,,,,,,14.13,7.998164921,7.998164921,,
Zambia,ZMB,Terrestrial protected areas (% of total land area),ER.LND.PTLD.ZS,,,,,,,,,,,,,,,,,,,,,,,,,,,,,,,,,,,,,,,,,,,,,,,,,,,,,,,,,38.05,37.87001045,37.87001045,,
Zimbabwe,ZWE,Terrestrial protected areas (% of total land area),ER.LND.PTLD.ZS,,,,,,,,,,,,,,,,,,,,,,,,,,,,,,,,,,,,,,,,,,,,,,,,,,,,,,,,,27.21,27.21458518,27.21458518,,